date,CPIAUCSL,CPIAUCSL(+1),CPIAUCSL_estimated_NN,CPIAUCSL_estimated_LSTM
1959-07-01,0.137221269296738,0.102810143934205,,
1959-08-01,0.102810143934205,0.23931623931624,,
1959-09-01,0.23931623931624,0.340715502555371,,
1959-10-01,0.340715502555371,0.0,,
1959-11-01,0.0,0.20401224073444,,
1959-12-01,0.20401224073444,-0.136193394620358,,
1960-01-01,-0.136193394620358,0.136008160489626,,
1960-02-01,0.136008160489626,0.0,,
1960-03-01,0.0,0.440081245768446,,
1960-04-01,0.440081245768446,0.101454176530271,,
1960-05-01,0.101454176530271,0.135089496791622,,
1960-06-01,0.135089496791622,-0.203045685279183,,
1960-07-01,-0.203045685279183,0.202634245187432,,
1960-08-01,0.202634245187432,0.0,,
1960-09-01,0.0,0.47058823529412,,
1960-10-01,0.47058823529412,0.100738750839493,,
1960-11-01,0.100738750839493,0.100637370010056,,
1960-12-01,0.100637370010056,0.100536193029494,,
1961-01-01,0.100536193029494,0.0,,
1961-02-01,0.0,0.0,,
1961-03-01,0.0,-0.100637370010068,,
1961-04-01,-0.100637370010068,0.100536193029494,,
1961-05-01,0.100536193029494,0.0,,
1961-06-01,0.0,0.267379679144391,,
1961-07-01,0.267379679144391,0.0668002672010674,,
1961-08-01,0.0668002672010674,0.133422281521011,,
1961-09-01,0.133422281521011,0.0,,
1961-10-01,0.0,0.0,,
1961-11-01,0.0,0.0999666777740791,,
1961-12-01,0.0999666777740791,0.099866844207715,,
1962-01-01,0.099866844207715,0.232480903354368,,
1962-02-01,0.232480903354368,0.198873052701367,,
1962-03-01,0.198873052701367,0.132406487917905,,
1962-04-01,0.132406487917905,0.0992063492063412,,
1962-05-01,0.0992063492063412,-0.099304865938423,,
1962-06-01,-0.099304865938423,0.0330906684314957,,
1962-07-01,0.0330906684314957,0.198150594451791,,
1962-08-01,0.198150594451791,0.460223537146616,,
1962-09-01,0.460223537146616,-0.131665569453597,,
1962-10-01,-0.131665569453597,0.0,,
1962-11-01,0.0,0.0,,
1962-12-01,0.0,0.19710906701709,,
1963-01-01,0.19710906701709,0.131233595800522,,
1963-02-01,0.131233595800522,0.0983284169124914,,
1963-03-01,0.0983284169124914,-0.0984251968503974,,
1963-04-01,-0.0984251968503974,0.0983284169124914,,
1963-05-01,0.0983284169124914,0.326690623979085,,
1963-06-01,0.326690623979085,0.26067122841317,,
1963-07-01,0.26067122841317,0.195121951219508,,
1963-08-01,0.195121951219508,-0.0976562500000037,,
1963-09-01,-0.0976562500000037,0.0975609756097598,,
1963-10-01,0.0975609756097598,0.0974658869395748,,
1963-11-01,0.0974658869395748,0.323834196891185,,
1963-12-01,0.323834196891185,0.193923723335495,,
1964-01-01,0.193923723335495,-0.0970559689420936,,
1964-02-01,-0.0970559689420936,0.0969618616677477,,
1964-03-01,0.0969618616677477,0.032310177705971,,
1964-04-01,0.032310177705971,0.0968366688185963,,
1964-05-01,0.0968366688185963,0.096742986133509,,
1964-06-01,0.096742986133509,0.0322372662798131,,
1964-07-01,0.0322372662798131,0.0966183574879264,,
1964-08-01,0.0966183574879264,0.0965250965250888,,
1964-09-01,0.0965250965250888,0.128534704370189,,
1964-10-01,0.128534704370189,0.288369112463953,,
1964-11-01,0.288369112463953,0.127999999999997,,
1964-12-01,0.127999999999997,0.0959079283887504,,
1965-01-01,0.0959079283887504,0.0,,
1965-02-01,0.0,0.0958160332162171,,
1965-03-01,0.0958160332162171,0.223072020395157,,
1965-04-01,0.223072020395157,0.317662007623893,,
1965-05-01,0.317662007623893,0.411262258778864,,
1965-06-01,0.411262258778864,-0.094996833438889,,
1965-07-01,-0.094996833438889,-0.0950871632329559,,
1965-08-01,-0.0950871632329559,0.221378874130298,,
1965-09-01,0.221378874130298,0.0947867298578123,,
1965-10-01,0.0947867298578123,0.314960629921264,,
1965-11-01,0.314960629921264,0.313971742543176,,
1965-12-01,0.313971742543176,0.0941028858218243,,
1966-01-01,0.0941028858218243,0.623441396508726,,
1966-02-01,0.623441396508726,0.310752019888134,,
1966-03-01,0.310752019888134,0.309789343246597,,
1966-04-01,0.309789343246597,0.216383307573417,,
1966-05-01,0.216383307573417,0.0926497838171746,,
1966-06-01,0.0926497838171746,0.215716486902928,,
1966-07-01,0.215716486902928,0.612557427258792,,
1966-08-01,0.612557427258792,0.305343511450386,,
1966-09-01,0.305343511450386,0.304414003044144,,
1966-10-01,0.304414003044144,0.0912408759124122,,
1966-11-01,0.0912408759124122,0.121506682867555,,
1966-12-01,0.121506682867555,-0.0607902735562405,,
1967-01-01,-0.0607902735562405,0.303030303030307,,
1967-02-01,0.303030303030307,0.0,,
1967-03-01,0.0,0.302114803625382,,
1967-04-01,0.302114803625382,0.0,,
1967-05-01,0.0,0.600600600600588,,
1967-06-01,0.600600600600588,0.299401197604795,,
1967-07-01,0.299401197604795,0.298507462686571,,
1967-08-01,0.298507462686571,0.297619047619052,,
1967-09-01,0.297619047619052,0.296735905044515,,
1967-10-01,0.296735905044515,0.589970501474914,,
1967-11-01,0.589970501474914,0.294117647058828,,
1967-12-01,0.294117647058828,0.293255131964814,,
1968-01-01,0.293255131964814,0.292397660818718,,
1968-02-01,0.292397660818718,0.291545189504357,,
1968-03-01,0.291545189504357,0.290697674418609,,
1968-04-01,0.290697674418609,0.289855072463772,,
1968-05-01,0.289855072463772,0.5763688760807,,
1968-06-01,0.5763688760807,0.573065902578784,,
1968-07-01,0.573065902578784,0.28571428571429,,
1968-08-01,0.28571428571429,0.284900284900289,,
1968-09-01,0.284900284900289,0.566572237960328,,
1968-10-01,0.566572237960328,0.282485875706219,,
1968-11-01,0.282485875706219,0.561797752808997,,
1968-12-01,0.561797752808997,0.280112044817931,,
1969-01-01,0.280112044817931,0.279329608938532,,
1969-02-01,0.279329608938532,0.831024930747934,,
1969-03-01,0.831024930747934,0.550964187327812,,
1969-04-01,0.550964187327812,0.274725274725279,,
1969-05-01,0.274725274725279,0.546448087431702,,
1969-06-01,0.546448087431702,0.543478260869554,,
1969-07-01,0.543478260869554,0.271002710027104,,
1969-08-01,0.271002710027104,0.53908355795149,,
1969-09-01,0.53908355795149,0.536193029490605,,
1969-10-01,0.536193029490605,0.533333333333341,,
1969-11-01,0.533333333333341,0.530503978779848,,
1969-12-01,0.530503978779848,0.527704485488115,,
1970-01-01,0.527704485488115,0.524934383202107,,
1970-02-01,0.524934383202107,0.52219321148824,,
1970-03-01,0.52219321148824,0.519480519480527,,
1970-04-01,0.519480519480527,0.259067357512957,,
1970-05-01,0.259067357512957,0.515463917525762,,
1970-06-01,0.515463917525762,0.257069408740364,,
1970-07-01,0.257069408740364,0.25641025641026,,
1970-08-01,0.25641025641026,0.51020408163266,,
1970-09-01,0.51020408163266,0.507614213197959,,
1970-10-01,0.507614213197959,0.505050505050512,,
1970-11-01,0.505050505050512,0.50251256281406,,
1970-12-01,0.50251256281406,0.250626566416044,,
1971-01-01,0.250626566416044,0.0,,
1971-02-01,0.0,0.250000000000004,,
1971-03-01,0.250000000000004,0.249376558603495,,
1971-04-01,0.249376558603495,0.496277915632744,,
1971-05-01,0.496277915632744,0.493827160493834,,
1971-06-01,0.493827160493834,0.246305418719215,,
1971-07-01,0.246305418719215,0.245700245700249,,
1971-08-01,0.245700245700249,0.245098039215672,,
1971-09-01,0.245098039215672,0.244498777506116,,
1971-10-01,0.244498777506116,0.243902439024394,,
1971-11-01,0.243902439024394,0.243309002433093,,
1971-12-01,0.243309002433093,0.242718446601945,,
1972-01-01,0.242718446601945,0.483091787439603,,
1972-02-01,0.483091787439603,0.0,,
1972-03-01,0.0,0.24096385542169,,
1972-04-01,0.24096385542169,0.240384615384619,,
1972-05-01,0.240384615384619,0.239808153477222,,
1972-06-01,0.239808153477222,0.239234449760752,,
1972-07-01,0.239234449760752,0.238663484486877,,
1972-08-01,0.238663484486877,0.47505938242281,,
1972-09-01,0.47505938242281,0.236966824644553,,
1972-10-01,0.236966824644553,0.471698113207537,,
1972-11-01,0.471698113207537,0.235294117647062,,
1972-12-01,0.235294117647062,0.468384074941459,,
1973-01-01,0.468384074941459,0.697674418604645,,
1973-02-01,0.697674418604645,0.921658986175112,,
1973-03-01,0.921658986175112,0.68649885583525,,
1973-04-01,0.68649885583525,0.455580865603635,,
1973-05-01,0.455580865603635,0.678733031674218,,
1973-06-01,0.678733031674218,0.0,,
1973-07-01,0.0,1.77777777777777,,
1973-08-01,1.77777777777777,0.442477876106201,,
1973-09-01,0.442477876106201,0.877192982456137,,
1973-10-01,0.877192982456137,0.653594771241824,,
1973-11-01,0.653594771241824,0.863930885529155,,
1973-12-01,0.863930885529155,1.06837606837607,,
1974-01-01,1.06837606837607,1.05708245243129,,
1974-02-01,1.05708245243129,1.04602510460251,,
1974-03-01,1.04602510460251,0.623700623700633,,
1974-04-01,0.623700623700633,1.02880658436214,,
1974-05-01,1.02880658436214,0.816326530612242,,
1974-06-01,0.816326530612242,0.608519269776871,,
1974-07-01,0.608519269776871,1.20240480961924,,
1974-08-01,1.20240480961924,1.38339920948617,,
1974-09-01,1.38339920948617,0.784313725490193,,
1974-10-01,0.784313725490193,0.970873786407767,,
1974-11-01,0.970873786407767,0.77071290944123,,
1974-12-01,0.77071290944123,0.764818355640533,,
1975-01-01,0.764818355640533,0.570342205323202,,
1975-02-01,0.570342205323202,0.378787878787871,,
1975-03-01,0.378787878787871,0.377358490566043,,
1975-04-01,0.377358490566043,0.188323917137479,,
1975-05-01,0.188323917137479,0.747663551401866,,
1975-06-01,0.747663551401866,0.925925925925926,,
1975-07-01,0.925925925925926,0.369003690036906,,
1975-08-01,0.369003690036906,0.73260073260073,,
1975-09-01,0.73260073260073,0.546448087431689,,
1975-10-01,0.546448087431689,0.723327305605784,,
1975-11-01,0.723327305605784,0.539568345323749,,
1975-12-01,0.539568345323749,0.358422939068093,,
1976-01-01,0.358422939068093,0.178890876565298,,
1976-02-01,0.178890876565298,0.178571428571431,,
1976-03-01,0.178571428571431,0.178253119429593,,
1976-04-01,0.178253119429593,0.531914893617016,,
1976-05-01,0.531914893617016,0.529100529100537,,
1976-06-01,0.529100529100537,0.526315789473679,,
1976-07-01,0.526315789473679,0.523560209424079,,
1976-08-01,0.523560209424079,0.520833333333341,,
1976-09-01,0.520833333333341,0.518134715025902,,
1976-10-01,0.518134715025902,0.344234079173843,,
1976-11-01,0.344234079173843,0.513698630136981,,
1976-12-01,0.513698630136981,0.511073253833057,,
1977-01-01,0.511073253833057,1.01180438448566,,
1977-02-01,1.01180438448566,0.503355704697994,,
1977-03-01,0.503355704697994,0.666666666666664,,
1977-04-01,0.666666666666664,0.332225913621267,,
1977-05-01,0.332225913621267,0.495867768595037,,
1977-06-01,0.495867768595037,0.493421052631574,,
1977-07-01,0.493421052631574,0.490998363338796,,
1977-08-01,0.490998363338796,0.326264274061983,,
1977-09-01,0.326264274061983,0.487012987012994,,
1977-10-01,0.487012987012994,0.645161290322578,,
1977-11-01,0.645161290322578,0.481540930979129,,
1977-12-01,0.481540930979129,0.637958532695384,,
1978-01-01,0.637958532695384,0.476190476190472,,
1978-02-01,0.476190476190472,0.630914826498421,,
1978-03-01,0.630914826498421,0.782472613458529,,
1978-04-01,0.782472613458529,0.930232558139537,,
1978-05-01,0.930232558139537,0.769230769230769,,
1978-06-01,0.769230769230769,0.763358778625954,,
1978-07-01,0.763358778625954,0.606980273141132,,
1978-08-01,0.606980273141132,0.902255639097736,,
1978-09-01,0.902255639097736,0.894187779433673,,
1978-10-01,0.894187779433673,0.592592592592601,,
1978-11-01,0.592592592592601,0.589101620029463,,
1978-12-01,0.589101620029463,0.875912408759116,,
1979-01-01,0.875912408759116,1.01156069364162,,
1979-02-01,1.01156069364162,1.00143061516452,,
1979-03-01,1.00143061516452,0.991501416430579,,
1979-04-01,0.991501416430579,1.12044817927172,,
1979-05-01,1.12044817927172,1.10803324099723,,
1979-06-01,1.10803324099723,1.0958904109589,,
1979-07-01,1.0958904109589,0.949796472184536,,
1979-08-01,0.949796472184536,0.940860215053767,,
1979-09-01,0.940860215053767,1.06382978723404,,
1979-10-01,1.06382978723404,1.05263157894736,,
1979-11-01,1.05263157894736,1.17035110533161,,
1979-12-01,1.17035110533161,1.4102564102564,,
1980-01-01,1.4102564102564,1.26582278481013,,
1980-02-01,1.26582278481013,1.3732833957553,,
1980-03-01,1.3732833957553,0.988875154511757,,
1980-04-01,0.988875154511757,0.979192166462665,,
1980-05-01,0.979192166462665,0.969696969696966,,
1980-06-01,0.969696969696966,0.121065375302657,,
1980-07-01,0.121065375302657,0.721153846153856,,
1980-08-01,0.721153846153856,0.834326579261028,,
1980-09-01,0.834326579261028,0.944510035419123,,
1980-10-01,0.944510035419123,1.05140186915887,,
1980-11-01,1.05140186915887,0.925925925925939,,
1980-12-01,0.925925925925939,0.917431192660547,,
1981-01-01,0.917431192660547,0.909090909090906,,
1981-02-01,0.909090909090906,0.677200902934531,,
1981-03-01,0.677200902934531,0.561167227833894,,
1981-04-01,0.561167227833894,0.668896321070244,,
1981-05-01,0.668896321070244,0.883977900552483,,
1981-06-01,0.883977900552483,1.09289617486339,,
1981-07-01,1.09289617486339,0.759219088937096,,
1981-08-01,0.759219088937096,0.96670247046186,,
1981-09-01,0.96670247046186,0.321199143468963,,
1981-10-01,0.321199143468963,0.426439232409373,,
1981-11-01,0.426439232409373,0.318809776833153,,
1981-12-01,0.318809776833153,0.317796610169504,,
1982-01-01,0.317796610169504,0.31678986272439,,
1982-02-01,0.31678986272439,0.0,,
1982-03-01,0.0,0.315789473684208,,
1982-04-01,0.315789473684208,0.938477580813353,,
1982-05-01,0.938477580813353,1.1340206185567,,
1982-06-01,1.1340206185567,0.512820512820513,,
1982-07-01,0.512820512820513,0.204708290685776,,
1982-08-01,0.204708290685776,0.0,,
1982-09-01,0.0,0.407747196738014,,
1982-10-01,0.407747196738014,-0.102040816326525,,
1982-11-01,-0.102040816326525,-0.307062436028656,,
1982-12-01,-0.307062436028656,0.204290091930544,,
1983-01-01,0.204290091930544,0.102040816326525,,
1983-02-01,0.102040816326525,0.1019367991845,,
1983-03-01,0.1019367991845,0.708502024291501,,
1983-04-01,0.708502024291501,0.403225806451619,,
1983-05-01,0.403225806451619,0.201207243460767,,
1983-06-01,0.201207243460767,0.400801603206404,,
1983-07-01,0.400801603206404,0.299700299700297,,
1983-08-01,0.299700299700297,0.298804780876505,,
1983-09-01,0.298804780876505,0.396825396825388,,
1983-10-01,0.396825396825388,0.296735905044508,,
1983-11-01,0.296735905044508,0.295857988165692,,
1983-12-01,0.295857988165692,0.68560235063662,,
1984-01-01,0.68560235063662,0.487329434697856,,
1984-02-01,0.487329434697856,0.291545189504384,,
1984-03-01,0.291545189504384,0.387221684414319,,
1984-04-01,0.387221684414319,0.193236714975848,,
1984-05-01,0.193236714975848,0.192864030858248,,
1984-06-01,0.192864030858248,0.38424591738712,,
1984-07-01,0.38424591738712,0.287356321839091,,
1984-08-01,0.287356321839091,0.286532951289396,,
1984-09-01,0.286532951289396,0.380589914367261,,
1984-10-01,0.380589914367261,0.189933523266859,,
1984-11-01,0.189933523266859,0.189573459715643,,
1984-12-01,0.189573459715643,0.189214758751185,,
1985-01-01,0.189214758751185,0.564440263405451,,
1985-02-01,0.564440263405451,0.468164794007491,,
1985-03-01,0.468164794007491,0.18691588785047,,
1985-04-01,0.18691588785047,0.186567164179107,,
1985-05-01,0.186567164179107,0.279069767441858,,
1985-06-01,0.279069767441858,0.18570102135562,,
1985-07-01,0.18570102135562,0.185356811862839,,
1985-08-01,0.185356811862839,0.185013876040693,,
1985-09-01,0.185013876040693,0.368663594470051,,
1985-10-01,0.368663594470051,0.458715596330275,,
1985-11-01,0.458715596330275,0.45662100456621,,
1985-12-01,0.45662100456621,0.36396724294814,,
1986-01-01,0.36396724294814,-0.18231540565178,,
1986-02-01,-0.18231540565178,-0.549954170485801,,
1986-03-01,-0.549954170485801,-0.367985280588769,,
1986-04-01,-0.367985280588769,0.275229357798163,,
1986-05-01,0.275229357798163,0.365630712979895,,
1986-06-01,0.365630712979895,0.0913242009132368,,
1986-07-01,0.0913242009132368,0.0912408759124036,,
1986-08-01,0.0912408759124036,0.363636363636369,,
1986-09-01,0.363636363636369,0.18148820326679,,
1986-10-01,0.18148820326679,0.181159420289858,,
1986-11-01,0.181159420289858,0.361010830324902,,
1986-12-01,0.361010830324902,0.53859964093358,,
1987-01-01,0.53859964093358,0.357781753130583,,
1987-02-01,0.357781753130583,0.356506238859185,,
1987-03-01,0.356506238859185,0.443655723158829,,
1987-04-01,0.443655723158829,0.265486725663714,,
1987-05-01,0.265486725663714,0.440528634361234,,
1987-06-01,0.440528634361234,0.263620386643231,,
1987-07-01,0.263620386643231,0.437445319335083,,
1987-08-01,0.437445319335083,0.348735832606805,,
1987-09-01,0.348735832606805,0.260869565217389,,
1987-10-01,0.260869565217389,0.346620450606591,,
1987-11-01,0.346620450606591,0.173010380622828,,
1987-12-01,0.173010380622828,0.344827586206901,,
1988-01-01,0.344827586206901,0.172117039586922,,
1988-02-01,0.172117039586922,0.257510729613732,,
1988-03-01,0.257510729613732,0.597269624573381,,
1988-04-01,0.597269624573381,0.255319148936168,,
1988-05-01,0.255319148936168,0.423728813559322,,
1988-06-01,0.423728813559322,0.421940928270042,,
1988-07-01,0.421940928270042,0.420168067226891,,
1988-08-01,0.420168067226891,0.418410041841004,,
1988-09-01,0.418410041841004,0.333611342785659,,
1988-10-01,0.333611342785659,0.332502078137981,,
1988-11-01,0.332502078137981,0.331400165700088,,
1988-12-01,0.331400165700088,0.412541254125412,,
1989-01-01,0.412541254125412,0.328947368421046,,
1989-02-01,0.328947368421046,0.490998363338796,,
1989-03-01,0.490998363338796,0.731112916328182,,
1989-04-01,0.731112916328182,0.485044462409061,,
1989-05-01,0.485044462409061,0.322320709105553,,
1989-06-01,0.322320709105553,0.321285140562254,,
1989-07-01,0.321285140562254,0.0,,
1989-08-01,0.0,0.240384615384613,,
1989-09-01,0.240384615384613,0.478468899521538,,
1989-10-01,0.478468899521538,0.39714058776807,,
1989-11-01,0.39714058776807,0.316706254948528,,
1989-12-01,0.316706254948528,0.941176470588238,,
1990-01-01,0.941176470588238,0.390625,,
1990-02-01,0.390625,0.466562986003106,,
1990-03-01,0.466562986003106,0.232738557020955,,
1990-04-01,0.232738557020955,0.154918667699449,,
1990-05-01,0.154918667699449,0.615858352578916,,
1990-06-01,0.615858352578916,0.459770114942524,,
1990-07-01,0.459770114942524,0.835866261398172,,
1990-08-01,0.835866261398172,0.679245283018872,,
1990-09-01,0.679245283018872,0.674662668665671,,
1990-10-01,0.674662668665671,0.224382946896023,,
1990-11-01,0.224382946896023,0.372578241430701,,
1990-12-01,0.372578241430701,0.371195248700817,,
1991-01-01,0.371195248700817,0.0741839762611445,,
1991-02-01,0.0741839762611445,0.0,,
1991-03-01,0.0,0.22205773501109,,
1991-04-01,0.22205773501109,0.368731563421829,,
1991-05-01,0.368731563421829,0.294117647058828,,
1991-06-01,0.294117647058828,0.146842878120403,,
1991-07-01,0.146842878120403,0.292825768667647,,
1991-08-01,0.292825768667647,0.291970802919712,,
1991-09-01,0.291970802919712,0.145772594752178,,
1991-10-01,0.145772594752178,0.435413642960829,,
1991-11-01,0.435413642960829,0.289435600578855,,
1991-12-01,0.289435600578855,0.0723065798987872,,
1992-01-01,0.0723065798987872,0.216450216450204,,
1992-02-01,0.216450216450204,0.359453630481668,,
1992-03-01,0.359453630481668,0.215208034433294,,
1992-04-01,0.215208034433294,0.21474588403721,,
1992-05-01,0.21474588403721,0.285510349750183,,
1992-06-01,0.285510349750183,0.284697508896801,,
1992-07-01,0.284697508896801,0.21306818181819,,
1992-08-01,0.21306818181819,0.212615166548535,,
1992-09-01,0.212615166548535,0.423429781227942,,
1992-10-01,0.423429781227942,0.281491907107675,,
1992-11-01,0.281491907107675,0.140548137737187,,
1992-12-01,0.140548137737187,0.350140056022409,,
1993-01-01,0.350140056022409,0.209643605870009,,
1993-02-01,0.209643605870009,0.139567341242161,,
1993-03-01,0.139567341242161,0.347705146036161,,
1993-04-01,0.347705146036161,0.277392510402203,,
1993-05-01,0.277392510402203,0.0693000693000851,,
1993-06-01,0.0693000693000851,0.138408304498262,,
1993-07-01,0.138408304498262,0.207182320441997,,
1993-08-01,0.207182320441997,0.137931034482751,,
1993-09-01,0.137931034482751,0.412087912087908,,
1993-10-01,0.412087912087908,0.27397260273973,,
1993-11-01,0.27397260273973,0.20505809979495,,
1993-12-01,0.20505809979495,0.0,,
1994-01-01,0.0,0.272665303340135,,
1994-02-01,0.272665303340135,0.271923861318835,,
1994-03-01,0.271923861318835,0.0679347826086918,,
1994-04-01,0.0679347826086918,0.203389830508482,,
1994-05-01,0.203389830508482,0.270453008789727,,
1994-06-01,0.270453008789727,0.336927223719677,,
1994-07-01,0.336927223719677,0.402684563758385,,
1994-08-01,0.402684563758385,0.200937709310121,,
1994-09-01,0.200937709310121,0.0669344042837981,,
1994-10-01,0.0669344042837981,0.267022696929243,,
1994-11-01,0.267022696929243,0.199866755496324,,
1994-12-01,0.199866755496324,0.265780730897014,,
1995-01-01,0.265780730897014,0.265076209410209,,
1995-02-01,0.265076209410209,0.198412698412687,,
1995-03-01,0.198412698412687,0.395256916996062,,
1995-04-01,0.395256916996062,0.197238658777109,,
1995-05-01,0.197238658777109,0.196850393700795,,
1995-06-01,0.196850393700795,0.1310615989515,,
1995-07-01,0.1310615989515,0.196206671026822,,
1995-08-01,0.196206671026822,0.130633572828209,,
1995-09-01,0.130633572828209,0.260586319218245,,
1995-10-01,0.260586319218245,0.130123617436557,,
1995-11-01,0.130123617436557,0.129954515919439,,
1995-12-01,0.129954515919439,0.517129928894624,,
1996-01-01,0.517129928894624,0.193548387096782,,
1996-02-01,0.193548387096782,0.321543408360129,,
1996-03-01,0.321543408360129,0.384368994234461,,
1996-04-01,0.384368994234461,0.191815856777501,,
1996-05-01,0.191815856777501,0.191448627951489,,
1996-06-01,0.191448627951489,0.191082802547778,,
1996-07-01,0.191082802547778,0.127226463104318,,
1996-08-01,0.127226463104318,0.317057704502219,,
1996-09-01,0.317057704502219,0.316055625790139,,
1996-10-01,0.316055625790139,0.315059861373661,,
1996-11-01,0.315059861373661,0.251414204902581,,
1996-12-01,0.251414204902581,0.188205771643671,,
1997-01-01,0.188205771643671,0.187852222917961,,
1997-02-01,0.187852222917961,0.0625782227784873,,
1997-03-01,0.0625782227784873,0.0625390869293273,,
1997-04-01,0.0625390869293273,0.0,,
1997-05-01,0.0,0.187265917602986,,
1997-06-01,0.187265917602986,0.124688279301756,,
1997-07-01,0.124688279301756,0.248756218905476,,
1997-08-01,0.248756218905476,0.248138957816363,,
1997-09-01,0.248138957816363,0.185758513931896,,
1997-10-01,0.185758513931896,0.123685837971545,,
1997-11-01,0.123685837971545,0.061804697156998,,
1997-12-01,0.061804697156998,0.12345679012345,,
1998-01-01,0.12345679012345,0.0,,
1998-02-01,0.0,0.0,,
1998-03-01,0.0,0.123304562268797,,
1998-04-01,0.123304562268797,0.246002460024604,,
1998-05-01,0.246002460024604,0.122850122850133,,
1998-06-01,0.122850122850133,0.245098039215672,,
1998-07-01,0.245098039215672,0.122399020807844,,
1998-08-01,0.122399020807844,0.0611620795106999,,
1998-09-01,0.0611620795106999,0.244051250762664,,
1998-10-01,0.244051250762664,0.121876904326623,,
1998-11-01,0.121876904326623,0.182481751824824,,
1998-12-01,0.182481751824824,0.182149362477221,,
1999-01-01,0.182149362477221,0.0,,
1999-02-01,0.0,0.0606796116504992,,
1999-03-01,0.0606796116504992,0.663050030138634,,
1999-04-01,0.663050030138634,0.0602409638554183,,
1999-05-01,0.0602409638554183,0.0,,
1999-06-01,0.0,0.419916016796634,,
1999-07-01,0.419916016796634,0.239377618192702,,
1999-08-01,0.239377618192702,0.417163289630523,,
1999-09-01,0.417163289630523,0.178465199286129,,
1999-10-01,0.178465199286129,0.178147268408558,,
1999-11-01,0.178147268408558,0.236966824644553,,
1999-12-01,0.236966824644553,0.295333727111636,,
2000-01-01,0.295333727111636,0.411764705882346,,
2000-02-01,0.411764705882346,0.584795321637427,,
2000-03-01,0.584795321637427,-0.0585137507314186,0.2425043880939483,0.3217589855194092
2000-04-01,-0.0585137507314186,0.175233644859803,0.1248972713947296,0.1298003643751144
2000-05-01,0.175233644859803,0.580720092915215,0.2173023372888565,0.1775067746639251
2000-06-01,0.580720092915215,0.289519397799653,0.5271202921867371,0.4011783301830292
2000-07-01,0.289519397799653,0.0,0.2959890067577362,0.225919634103775
2000-08-01,0.0,0.518433179723506,0.3893757164478302,0.1778171509504318
2000-09-01,0.518433179723506,0.172512938470392,0.3306353986263275,0.2558309435844421
2000-10-01,0.172512938470392,0.172215843857625,0.1768880486488342,0.1179671809077262
2000-11-01,0.172215843857625,0.229095074455902,0.4692322909832001,0.3429762423038482
2000-12-01,0.229095074455902,0.569476082004556,0.2877628803253174,0.1324775516986847
2001-01-01,0.569476082004556,0.227272727272731,0.1705000251531601,0.1280124634504318
2001-02-01,0.227272727272731,0.0567859170925578,0.4081883430480957,0.1609926372766494
2001-03-01,0.0567859170925578,0.170068027210891,0.0644662082195282,0.1721564829349517
2001-04-01,0.170068027210891,0.507614213197973,0.286807656288147,0.104572407901287
2001-05-01,0.507614213197973,0.225098480585243,0.2823572158813476,0.1994023472070694
2001-06-01,0.225098480585243,-0.169109357384432,0.1665197759866714,0.167933776974678
2001-07-01,-0.169109357384432,0.0,0.1416977047920227,0.1667220890522003
2001-08-01,0.0,0.393037619314985,0.2527251541614532,0.3529437780380249
2001-09-01,0.393037619314985,-0.281531531531532,0.3079889714717865,0.2727521955966949
2001-10-01,-0.281531531531532,-0.0563380281690109,0.6052016019821167,0.2282597720623016
2001-11-01,-0.0563380281690109,-0.0563697857948108,0.1113669276237487,0.2404806911945343
2001-12-01,-0.0563697857948108,0.168823860438932,0.2243602722883224,0.3227533102035522
2002-01-01,0.168823860438932,0.168539325842703,0.2367773354053497,0.2590286135673523
2002-02-01,0.168539325842703,0.280112044817927,0.2491485327482223,0.1763804703950882
2002-03-01,0.280112044817927,0.446179587283888,0.3240268528461456,0.246927261352539
2002-04-01,0.446179587283888,0.111420612813364,0.3917266130447387,0.3319230675697326
2002-05-01,0.111420612813364,0.0556792873051193,0.0932476073503494,0.1134928837418556
2002-06-01,0.0556792873051193,0.222222222222225,0.1845495700836181,0.2346983253955841
2002-07-01,0.222222222222225,0.277008310249307,0.2242813557386398,0.2258830815553665
2002-08-01,0.277008310249307,0.165929203539829,0.1494808793067932,0.1670804619789123
2002-09-01,0.165929203539829,0.220750551876367,0.196471557021141,0.1682134419679641
2002-10-01,0.220750551876367,0.165289256198353,0.2030006945133209,0.2182876318693161
2002-11-01,0.165289256198353,0.165016501650171,0.2013221234083175,0.1276047527790069
2002-12-01,0.165016501650171,0.438116100766694,0.2309580743312835,0.1279499679803848
2003-01-01,0.438116100766694,0.544662309368192,0.2008921056985855,0.2206126451492309
2003-02-01,0.544662309368192,0.163132137031001,0.3357038497924804,0.260021299123764
2003-03-01,0.163132137031001,-0.382096069869005,0.2493690699338913,0.1399196833372116
2003-04-01,-0.382096069869005,-0.164024056861664,0.2199306190013885,0.0266552343964576
2003-05-01,-0.164024056861664,0.10922992900054,0.182475209236145,0.2240792512893676
2003-06-01,0.10922992900054,0.326619488296132,0.3723618388175964,0.3053963780403137
2003-07-01,0.326619488296132,0.433604336043367,0.3595467209815979,0.242458164691925
2003-08-01,0.433604336043367,0.324149108589948,0.4526163339614868,0.2184511870145797
2003-09-01,0.324149108589948,-0.108166576527847,0.2217804193496704,0.2367431819438934
2003-10-01,-0.108166576527847,0.054054054054051,0.2316836416721344,0.2682541310787201
2003-11-01,0.054054054054051,0.269541778975741,0.2082749158143997,0.2337586283683776
2003-12-01,0.269541778975741,0.429414922168551,0.3654960393905639,0.2606838941574096
2004-01-01,0.429414922168551,0.21424745581145,0.5101727247238159,0.3670795857906341
2004-02-01,0.21424745581145,0.213789417423841,0.3238294422626495,0.1270632147789001
2004-03-01,0.213789417423841,0.160085378868736,0.1619910895824432,0.1773839592933654
2004-04-01,0.160085378868736,0.425079702444199,0.2747642695903778,0.1931169033050537
2004-05-01,0.425079702444199,0.370566437268405,0.3049575090408325,0.227402001619339
2004-06-01,0.370566437268405,0.105764145954515,0.3769865036010742,0.2719641327857971
2004-07-01,0.105764145954515,0.0528541226215615,0.2552950382232666,0.2165094017982483
2004-08-01,0.0528541226215615,0.316122233930465,0.2525424063205719,0.2330707311630249
2004-09-01,0.316122233930465,0.524109014675052,0.1823600679636001,0.2138021886348724
2004-10-01,0.524109014675052,0.469483568075105,0.3801747560501098,0.2853918969631195
2004-11-01,0.469483568075105,0.0,0.4582221508026123,0.2018215954303741
2004-12-01,0.0,-0.0521920668058425,0.343487799167633,0.1486918032169342
2005-01-01,-0.0521920668058425,0.415800415800422,0.4686914682388305,0.2341659367084503
2005-02-01,0.415800415800422,0.362506473329875,0.3000190854072571,0.3041821122169494
2005-03-01,0.362506473329875,0.30975735673722,0.5507528185844421,0.2397279739379882
2005-04-01,0.30975735673722,-0.0516528925619805,0.2395366877317428,0.1891552805900573
2005-05-01,-0.0516528925619805,0.0516262261228675,0.2861535549163818,0.0267698913812637
2005-06-01,0.0516262261228675,0.615700359158552,0.4197736978530884,0.3399766683578491
2005-07-01,0.615700359158552,0.61193268740438,0.4593035578727722,0.4847390055656433
2005-08-01,0.61193268740438,1.35814889336017,0.6127651333808899,0.5830715894699097
2005-09-01,1.35814889336017,0.150678051230529,0.5905361771583557,0.484598308801651
2005-10-01,0.150678051230529,-0.504795557799091,0.5915061831474304,0.0510487481951713
2005-11-01,-0.504795557799091,0.0,0.2815896272659302,0.0071697235107421
2005-12-01,0.0,0.602107375815362,0.8313619494438171,0.6671640276908875
2006-01-01,0.602107375815362,0.0501504513540593,0.681582510471344,0.6352929472923279
2006-02-01,0.0501504513540593,0.150225338007002,0.1814421862363815,0.096351757645607
2006-03-01,0.150225338007002,0.49825610363727,0.1821156293153762,0.4744839072227478
2006-04-01,0.49825610363727,0.298062593144572,0.5681554079055786,0.5410597920417786
2006-05-01,0.298062593144572,0.247770069375619,0.1566496193408966,0.231618046760559
2006-06-01,0.247770069375619,0.542138984721535,0.2527167201042175,0.1264389157295227
2006-07-01,0.542138984721535,0.441609421000984,0.5469485521316528,0.436186820268631
2006-08-01,0.441609421000984,-0.493096646942801,0.0516645908355712,0.038876473903656
2006-09-01,-0.493096646942801,-0.445765230312039,-0.0887857228517532,0.0262853354215621
2006-10-01,-0.445765230312039,0.0495049504950467,0.3838130235671997,0.4037445187568664
2006-11-01,0.0495049504950467,0.541605120630229,0.2577320635318756,0.4390107989311218
2006-12-01,0.541605120630229,0.165653248917364,0.4447217583656311,0.5418816804885864
2007-01-01,0.165653248917364,0.386336705414583,0.5572128891944885,0.1255324780941009
2007-02-01,0.386336705414583,0.517322006157209,0.4915764927864074,0.7532199621200562
2007-03-01,0.517322006157209,0.29916854456445,0.2569878995418548,0.0745017081499099
2007-04-01,0.29916854456445,0.411598268482019,0.2236564606428146,0.1551525443792343
2007-05-01,0.411598268482019,0.231139677852096,0.4097332954406738,0.4455712139606476
2007-06-01,0.231139677852096,0.177743096198032,0.4053919613361358,0.1337556689977646
2007-07-01,0.177743096198032,0.0308185701146513,0.088812381029129,0.1623652279376983
2007-08-01,0.0308185701146513,0.421967230408491,0.1048635989427566,-0.0252939313650131
2007-09-01,0.421967230408491,0.307376069601798,0.3451525568962097,0.3393000960350036
2007-10-01,0.307376069601798,0.779760380204334,0.1335216462612152,0.2191320061683654
2007-11-01,0.779760380204334,0.288964033200118,0.3836437463760376,0.3097147941589355
2007-12-01,0.288964033200118,0.343585924759873,0.2770001888275146,0.1824190467596054
2008-01-01,0.343585924759873,0.241199509137843,0.2207343280315399,0.1980718076229095
2008-02-01,0.241199509137843,0.356527116674785,0.3592055439949035,0.3683382868766784
2008-03-01,0.356527116674785,0.230903702872741,2.2357287406921387,0.304875373840332
2008-04-01,0.230903702872741,0.588268094122891,0.1680961549282074,0.3525072932243347
2008-05-01,0.588268094122891,1.03695801124789,0.7769253253936768,0.4046063423156738
2008-06-01,1.03695801124789,0.709080615114876,0.3900907635688782,0.4748033881187439
2008-07-01,0.709080615114876,-0.149069459051623,0.2767830491065979,0.2671739459037781
2008-08-01,-0.149069459051623,0.0854361125198225,0.0376374423503875,0.1605584770441055
2008-09-01,0.0854361125198225,-0.867301089886866,0.253433883190155,0.3533326089382171
2008-10-01,-0.867301089886866,-1.80246114293489,-0.0871505886316299,0.057402528822422
2008-11-01,-1.80246114293489,-0.830187608208212,-0.1360828131437301,0.1873093843460083
2008-12-01,-0.830187608208212,0.252438270585514,0.3139981925487518,0.2144448459148407
2009-01-01,0.252438270585514,0.362943983451268,0.2969573438167572,0.2504313588142395
2009-02-01,0.362943983451268,-0.0988258547259973,0.3298244178295135,0.2245012521743774
2009-03-01,-0.0988258547259973,0.100606932475823,-0.0685218870639801,0.1202794983983039
2009-04-01,0.100606932475823,0.146933180610448,0.271370530128479,0.2362260818481445
2009-05-01,0.146933180610448,0.823129568415662,0.2740403115749359,0.2304124236106872
2009-06-01,0.823129568415662,-0.0298054264504499,0.4632081985473633,0.3404596149921417
2009-07-01,-0.0298054264504499,0.33372786558054,0.1035585403442382,-0.0068897977471351
2009-08-01,0.33372786558054,0.192716609299501,0.1598118096590042,0.2328098863363266
2009-09-01,0.192716609299501,0.299294717540609,0.4583325982093811,0.6379873156547546
2009-10-01,0.299294717540609,0.333741495346043,0.2812238037586212,0.3925966620445251
2009-11-01,0.333741495346043,0.0519905956834001,0.2942100763320923,0.2316885590553283
2009-12-01,0.0519905956834001,0.0648311630986496,0.3146190345287323,0.1959947496652603
2010-01-01,0.0648311630986496,-0.0952683391552845,0.2278234362602234,0.2804511785507202
2010-02-01,-0.0952683391552845,0.0331258367724406,0.0026877671480178,0.2917855679988861
2010-03-01,0.0331258367724406,0.0229987626665607,0.3344683051109314,0.1790057867765426
2010-04-01,0.0229987626665607,-0.0520042339730312,0.1313773691654205,0.1055690348148346
2010-05-01,-0.0520042339730312,-0.0418970621411608,0.1270804852247238,0.2660631239414215
2010-06-01,-0.0418970621411608,0.186576595206901,0.2002932429313659,0.2456980645656585
2010-07-01,0.186576595206901,0.145923101278898,0.2623445391654968,0.1510525941848755
2010-08-01,0.145923101278898,0.161264459970223,0.2445591688156128,0.159663438796997
2010-09-01,0.161264459970223,0.346976510603324,0.1840333789587021,0.1473103910684585
2010-10-01,0.346976510603324,0.252743749715382,0.3051543235778808,0.1830388605594635
2010-11-01,0.252743749715382,0.400050800101602,0.0662601441144943,0.0692007541656494
2010-12-01,0.400050800101602,0.323255887552163,0.2485120445489883,0.2653517425060272
2011-01-01,0.323255887552163,0.320417489116614,0.0562817342579364,0.0823495686054229
2011-02-01,0.320417489116614,0.514692036620247,0.2492639124393463,0.2292834520339965
2011-03-01,0.514692036620247,0.467216735908751,0.2683675587177276,0.3122383058071136
2011-04-01,0.467216735908751,0.317162353317982,0.3991951942443847,0.2633377611637115
2011-05-01,0.317162353317982,0.0,0.1033678203821182,0.0705391019582748
2011-06-01,0.0,0.261319017724439,0.1943042427301406,0.2528130412101745
2011-07-01,0.261319017724439,0.314454282504659,0.1712187677621841,0.2360478341579437
2011-08-01,0.314454282504659,0.216684245599021,0.14388407766819,0.1479178369045257
2011-09-01,0.216684245599021,0.067475192943767,0.2565144300460815,0.2958338856697082
2011-10-01,0.067475192943767,0.184444180323905,0.2570474743843078,0.1573459357023239
2011-11-01,0.184444180323905,0.0237651998257228,0.1234792321920394,0.1707219183444976
2011-12-01,0.0237651998257228,0.271679497195425,0.1171990633010864,0.2122115194797516
2012-01-01,0.271679497195425,0.213288719347956,0.0860585272312164,0.0820322260260582
2012-02-01,0.213288719347956,0.208909692448212,0.2962205111980438,0.312842309474945
2012-03-01,0.208909692448212,0.165803470528444,0.1914725303649902,0.2604842185974121
2012-04-01,0.165803470528444,-0.207246636614455,0.2891186475753784,0.2523328065872192
2012-05-01,-0.207246636614455,-0.0827046612171995,0.2171439230442047,0.2637593448162079
2012-06-01,-0.0827046612171995,0.0288726540968557,0.0745421648025512,0.2494299858808517
2012-07-01,0.0288726540968557,0.577597230316897,0.3013330996036529,0.329610526561737
2012-08-01,0.577597230316897,0.474860939765807,0.1387966573238372,0.2029417753219604
2012-09-01,0.474860939765807,0.268954143966024,0.1900742650032043,0.1983029246330261
2012-10-01,0.268954143966024,-0.168216943640842,0.0814587771892547,0.1340190023183822
2012-11-01,-0.168216943640842,-0.0121096267207527,0.0412443876266479,0.163331538438797
2012-12-01,-0.0121096267207527,0.197687317365837,0.0542206652462482,0.1818814575672149
2013-01-01,0.197687317365837,0.540060187947818,0.4875935316085815,0.4114241302013397
2013-02-01,0.540060187947818,-0.281984828785701,0.3426356911659241,0.2811535000801086
2013-03-01,-0.281984828785701,-0.209234804591955,0.0236448645591735,0.1278291940689087
2013-04-01,-0.209234804591955,0.0413984035740637,0.1432336419820785,0.189948096871376
2013-05-01,0.0413984035740637,0.23747553184624,0.0972125083208084,0.3031978607177734
2013-06-01,0.23747553184624,0.195362816659516,0.0018451511859893,0.2389039248228073
2013-07-01,0.195362816659516,0.238160509903358,0.0800227224826812,0.1003660410642623
2013-08-01,0.238160509903358,0.0376802658171575,0.2005476057529449,0.2467422485351562
2013-09-01,0.0376802658171575,0.0534944729510547,0.1798559129238128,0.1697458028793335
2013-10-01,0.0534944729510547,0.184109354976499,0.1877251267433166,0.2826720476150512
2013-11-01,0.184109354976499,0.263719596624048,0.2146806120872497,0.2050464153289795
2013-12-01,0.263719596624048,0.241831287613485,0.4322986900806427,0.2264389395713806
2014-01-01,0.241831287613485,0.109956823903504,0.0015996396541595,0.1582382917404174
2014-02-01,0.109956823903504,0.203789380920905,0.2141666412353515,0.2212922573089599
2014-03-01,0.203789380920905,0.186071688346837,0.0322454422712326,0.1287788599729538
2014-04-01,0.186071688346837,0.189939135059395,0.2002899795770645,0.1850741505622863
2014-05-01,0.189939135059395,0.131938911862273,0.1081948727369308,0.1984317749738693
2014-06-01,0.131938911862273,0.112421999343151,0.1607991158962249,0.1980171501636505
2014-07-01,0.112421999343151,-0.0160026951907616,0.0828209519386291,0.2172420620918274
2014-08-01,-0.0160026951907616,0.007158587989572,0.1250057369470596,0.1814303696155548
2014-09-01,0.007158587989572,-0.0197953080908045,0.0025340467691421,0.0620496124029159
2014-10-01,-0.0197953080908045,-0.188621124722028,0.0080493241548538,0.0702927708625793
2014-11-01,-0.188621124722028,-0.309415370028611,0.0923690795898437,0.1589597463607788
2014-12-01,-0.309415370028611,-0.641115754407935,0.0085262171924114,0.105861522257328
2015-01-01,-0.641115754407935,0.252823550407492,-0.1099113374948501,0.0533584952354431
2015-02-01,0.252823550407492,0.268671390310873,0.3717151284217834,0.4039531946182251
2015-03-01,0.268671390310873,0.104139326565692,0.1035407111048698,0.1678594648838043
2015-04-01,0.104139326565692,0.328690596242208,0.0999118760228157,0.1665894389152526
2015-05-01,0.328690596242208,0.276028057242162,0.1870782971382141,0.2128587365150451
2015-06-01,0.276028057242162,0.158380735525169,0.2102053612470626,0.0528329014778137
2015-07-01,0.158380735525169,-0.000420109816708,0.0024323537945747,0.0107398107647895
2015-08-01,-0.000420109816708,-0.225265054863618,0.1954570114612579,0.1598898768424987
2015-09-01,-0.225265054863618,0.0988503909848501,-0.1077300310134887,0.0029692947864532
2015-10-01,0.0988503909848501,0.119319208291841,0.2684474587440491,0.2274925112724304
2015-11-01,0.119319208291841,-0.107671148758627,-0.0173022449016571,0.2188138365745544
2015-12-01,-0.107671148758627,-0.0458653829969909,0.0088811926543712,0.0118659660220146
2016-01-01,-0.0458653829969909,-0.133144571409299,-0.1693030595779419,-0.1305415034294128
2016-02-01,-0.133144571409299,0.3125,0.1227029636502265,0.0367664769291877
2016-03-01,0.3125,0.381602731472174,0.245458573102951,0.2649074494838714
2016-04-01,0.381602731472174,0.235852010168769,0.3295380175113678,0.40577232837677
2016-05-01,0.235852010168769,0.27682726811034,0.1319671422243118,0.0207854807376861
2016-06-01,0.27682726811034,-0.0503954585778524,0.1499687433242797,0.2232597768306732
2016-07-01,-0.0503954585778524,0.184580847658437,-0.0690022110939025,-0.0742207169532775
2016-08-01,0.184580847658437,0.261634656848111,0.1062788739800453,0.1046156138181686
2016-09-01,0.261634656848111,0.233721214026593,0.0312663093209266,0.0932403355836868
2016-10-01,0.233721214026593,0.117755943576309,0.1962603628635406,0.1541967391967773
2016-11-01,0.117755943576309,0.251816499544583,-0.1078252047300338,-0.0308879688382148
2016-12-01,0.251816499544583,0.403497249815288,0.3033054769039154,0.2277427613735199
2017-01-01,0.403497249815288,0.103332895945418,0.1930708289146423,0.114875927567482
2017-02-01,0.103332895945418,-0.043484325131488,0.2147898077964782,0.1220362037420272
2017-03-01,-0.043484325131488,0.207963188878067,0.2416459321975708,0.0027541518211364
2017-04-01,0.207963188878067,-0.0839926414251759,0.2800720334053039,0.2146306633949279
2017-05-01,-0.0839926414251759,0.0610110638855453,-0.0623622387647628,-0.0035607069730758
2017-06-01,0.0610110638855453,0.0253807106599033,0.1737096011638641,0.2076493501663208
2017-07-01,0.0253807106599033,0.37723537448258,0.2114498615264892,0.253481924533844
2017-08-01,0.37723537448258,0.545931673365744,0.2672699093818664,0.1316910088062286
2017-09-01,0.545931673365744,0.0429746571149503,0.2247574925422668,0.2701120376586914
2017-10-01,0.0429746571149503,0.291456798906926,-0.0025852248072624,0.0092016831040382
2017-11-01,0.291456798906926,0.144508670520233,0.3405594825744629,0.273473173379898
2017-12-01,0.144508670520233,0.396026069370907,0.1180778443813324,0.1526605784893036
2018-01-01,0.396026069370907,0.232250300842362,0.3140592575073242,0.1313316524028778
2018-02-01,0.232250300842362,0.0869680222189208,0.1009871810674667,0.0103914216160774
2018-03-01,0.0869680222189208,0.302866846468888,0.0140064060688018,0.151225209236145
2018-04-01,0.302866846468888,0.203759380507682,0.2782336473464966,0.1471253484487533
2018-05-01,0.203759380507682,0.145728483149641,0.1010867953300476,0.1117654666304588
2018-06-01,0.145728483149641,0.0767868865503639,0.2607817649841308,0.1468476951122284
2018-07-01,0.0767868865503639,0.15492482173715,-0.0563263595104217,0.0103588476777076
2018-08-01,0.15492482173715,0.177648770932212,0.1101047396659851,0.1102689802646637
2018-09-01,0.177648770932212,0.283116975551508,0.3219124972820282,0.2347800433635711
2018-10-01,0.283116975551508,-0.0304562102981537,0.1974869966506958,0.2685190439224243
2018-11-01,-0.0304562102981537,-0.130300641997999,0.0209950953722,0.0114034265279769
2018-12-01,-0.130300641997999,-0.0205988726078539,-0.0847706198692321,-0.0152885243296623
2019-01-01,-0.0205988726078539,0.20872122671157,0.3052945733070373,0.3278822302818298
2019-02-01,0.20872122671157,0.463511274970784,0.409231424331665,0.3419344425201416
2019-03-01,0.463511274970784,0.461762609369983,0.3683429062366485,0.1732207536697387
2019-04-01,0.461762609369983,0.0176214213830137,0.3288941383361816,0.1201139390468597
2019-05-01,0.0176214213830137,0.0203583858932017,-0.1695772111415863,-0.0380504205822944
2019-06-01,0.0203583858932017,0.196151216176618,0.0616357550024986,-0.0269237533211708
2019-07-01,0.196151216176618,0.0753558906441498,0.370389312505722,0.2254568338394165
2019-08-01,0.0753558906441498,0.161383375173463,0.2049659490585327,0.1665645390748977
2019-09-01,0.161383375173463,0.332184609168302,0.3188000917434692,0.0790146961808204
2019-10-01,0.332184609168302,0.233343282077909,0.1668313294649124,0.1691000908613205
2019-11-01,0.233343282077909,0.0828805242386799,0.5008630156517029,0.2664963603019714
2019-12-01,0.0828805242386799,0.187098694561396,0.1588503420352935,0.1103474646806716
2020-01-01,0.187098694561396,0.0529317219423239,0.288496196269989,0.1299947202205658
2020-02-01,0.0529317219423239,-0.323657210191146,0.1117467880249023,0.0851438790559768
2020-03-01,-0.323657210191146,-0.701427054708956,-0.5960781574249268,-0.2866924107074737
2020-04-01,-0.701427054708956,-0.0976783802580272,-0.7112424373626709,-0.3329901695251465
2020-05-01,-0.0976783802580272,0.520829284598213,-0.0004605129361152,0.1581663489341735
2020-06-01,0.520829284598213,0.51120632318139,1.063214659690857,0.2597959041595459
2020-07-01,0.51120632318139,0.349503489254806,0.0149451196193695,0.2228889167308807
2020-08-01,0.349503489254806,0.245244071666613,0.5522807836532593,0.1880094110965728
2020-09-01,0.245244071666613,0.120171080618281,0.4027763307094574,0.304223358631134
2020-10-01,0.120171080618281,0.178210763930154,0.3329052031040191,0.1584853231906891
2020-11-01,0.178210763930154,0.242009481572099,0.5332003235816956,0.3954413831233978
2020-12-01,0.242009481572099,0.25588126499155,0.5385114550590515,0.3722620606422424
2021-01-01,0.25588126499155,0.353395829929209,0.3164066970348358,0.3957164287567138
2021-02-01,0.353395829929209,0.616330492120262,0.3167133331298828,0.5098283290863037
2021-03-01,0.616330492120262,0.764151226239727,0.2672015428543091,0.2701456844806671
2021-04-01,0.764151226239727,0.640101880089813,0.4510121941566467,0.3536985516548157
2021-05-01,0.640101880089813,0.896741837988644,0.2538127899169922,0.3082401156425476
2021-06-01,0.896741837988644,0.471599360916751,0.3680649399757385,0.3531074523925781
2021-07-01,0.471599360916751,0.273614346622132,-0.3732608556747436,0.0113612860441207
2021-08-01,0.273614346622132,0.410742035033442,0.0607315152883529,0.3636566996574402
2021-09-01,0.410742035033442,0.934505138694155,0.1721990257501602,0.1879414170980453
2021-10-01,0.934505138694155,0.773092369477914,0.3209271430969238,0.2943757176399231
